source1_entity_id	matched_entity_id
S1-35008678	S3-799402671
S1-601213153	S2-675277619
S1-174327395	S2-170585092
S1-472892567	S3-828611919
S1-171606757	S3-920944706
S1-257330187	S2-466388601
S1-403230722	S3-19976171
S1-421355111	S3-768761511
S1-242885191	S3-431588880
S1-856859158	S2-963845451
S1-281606543	S2-478828507
S1-49726148	S2-979058373
S1-63192279	S3-769370144
S1-622567601	S3-29122106
S1-408305612	S2-930854383
S1-33365230	S3-221107922
S1-609118077	S3-157195099
S1-540502731	S2-490163934
S1-247907006	S3-766486345
S1-563038940	S3-684829497
S1-659801469	S2-355800057
S1-477845232	S2-371879411
S1-15101597	S2-819216422
S1-966540425	S2-634409336
S1-379037818	S2-230458729
S1-646570575	S2-75523551
S1-370352368	S3-210841027
S1-287848888	S2-393652057
S1-57698661	S3-325750578
S1-845957465	S3-170279232
S1-88752681	S2-389711101
S1-739440720	S3-753525578
S1-895975323	S3-60425681
S1-665389867	S3-544861540
S1-332463218	S2-686343652
S1-338853574	S2-479887188
S1-501520017	S3-642524823
S1-345730755	S3-379683441
S1-485557160	S2-629954785
S1-311357569	S2-962367737
S1-12457012	S2-338069312
S1-668089705	S2-767135469
S1-503579506	S3-187101614
S1-408500762	S2-700277736
S1-439515287	S2-897659474
S1-740780702	S2-455617335
S1-888901085	S3-310921491
S1-774730964	S2-671621741
S1-282059537	S2-40690205
S1-337157816	S2-898852993
S1-628910087	S2-607315065
S1-897196095	S3-650054845
S1-420422999	S3-791821004
S1-916168713	S3-961960943
S1-676647799	S3-601043598
S1-661335542	S3-470669312
S1-990220980	S3-908938420
S1-635772797	S2-470877135
S1-587810316	S2-353022836
S1-323460989	S2-817521687
S1-202026462	S3-223665843
S1-205339051	S3-877227923
S1-258992032	S3-503466821
S1-936404350	S3-495162603
S1-678077357	S3-333321092
S1-357947299	S3-841722296
S1-372630330	S2-437575411
S1-629485246	S3-528522628
S1-170018945	S2-208744335
S1-829062226	S3-348399475
S1-985078762	S2-948626780
S1-409350987	S3-290632122
S1-756211555	S3-754755799
S1-254386948	S3-26626373
S1-319069154	S3-289727988
S1-232712038	S2-907725543
S1-676439062	S3-726875476
S1-479903356	S3-818947034
S1-568596951	S3-269932035
S1-558476402	S3-512643667
S1-122553986	S2-894539115
S1-949619004	S3-477531257
S1-144889136	S3-437148226
S1-143806986	S2-917751378
S1-630475687	S2-300159440
S1-80843449	S3-632165401
S1-422135700	S3-660579362
S1-618498315	S2-418869134
S1-337739404	S3-566797644
S1-219147518	S3-175816673
S1-776312310	S2-753715829
S1-514651372	S2-179178950
S1-460790427	S3-618021070
S1-562054767	S3-889869682
S1-283126933	S3-913028558
S1-543589215	S3-994568406
S1-293660866	S3-584376258
S1-792313383	S2-108079143
S1-138299368	S3-850611382
S1-677437426	S3-923330957
S1-726766008	S2-999604248
S1-112867664	S2-681192462
S1-83913425	S3-370936744
S1-992536141	S2-74636462
S1-413699506	S2-374608948
S1-126348106	S2-24245264
S1-147883448	S3-263303746
S1-959051686	S2-251560827
S1-448758748	S3-728882432
S1-351733629	S2-481905826
S1-379152183	S2-726831863
S1-846574597	S2-517418873
S1-796559732	S2-299035679
S1-534426290	S3-746818271
S1-871337043	S3-27820438
S1-805503298	S3-869219629
S1-252700739	S2-643480934
S1-374077783	S2-466341840
S1-377621495	S2-240195566
S1-281474777	S2-662211434
S1-479031581	S2-621641235
S1-563748964	S3-568637992
S1-45110387	S3-372726382
S1-849664936	S3-829421455
S1-537700338	S2-449789959
S1-79826948	S2-395964277
S1-485547617	S2-473844993
S1-638926803	S3-831524862
S1-207776659	S2-881030421
S1-875891601	S3-120183822
S1-904808036	S2-988962048
S1-74545299	S3-321706962
S1-29551251	S3-364893243
S1-255557814	S3-553446224
S1-665681061	S3-86524003
S1-860831738	S2-849804795
S1-78089604	S3-209888678
S1-272675362	S3-680811358
S1-219393206	S3-128661367
S1-653289320	S3-393904859
S1-39784107	S3-444196751
S1-599747548	S3-562819532
S1-126792600	S3-320881063
S1-200040142	S2-336380923
S1-618175439	S3-910502029
S1-720439762	S2-567948089
S1-929844313	S3-96582688
S1-843025379	S3-72045529
S1-448096427	S2-688896088
S1-245286334	S2-850871503
S1-790189983	S2-728741111
S1-79231307	S2-650600875
S1-270927877	S3-955560326
S1-226002718	S2-681421108
S1-653460006	S2-641529955
S1-475798680	S3-846455872
S1-195282607	S2-428457291
S1-766457982	S2-636494914
S1-423783920	S2-370137358
S1-981514800	S2-271222798
S1-166373653	S2-585135642
S1-926613674	S2-30058285
S1-728679352	S2-886553771
S1-628010329	S2-137525016
S1-203704266	S2-854791689
S1-333525668	S3-302954595
S1-365912930	S3-188398293
S1-227729077	S3-886770079
S1-153406212	S2-154369997
S1-100006165	S3-683226540
S1-483220993	S3-401160080
S1-133699647	S3-208293354
S1-618569092	S2-372071848
S1-573492545	S2-774333941
S1-114157276	S2-347296352
S1-967901399	S3-751918351
S1-432634024	S3-270705491
S1-241061682	S3-884601113
S1-399298487	S3-293055064
S1-385026965	S2-32846173
S1-205688323	S3-684317353
S1-893704580	S3-603079528
S1-432306423	S3-796394237
S1-197940896	S3-557364853
S1-502358902	S3-857808517
S1-550808582	S2-265459598
S1-244558099	S3-489162702
S1-56905238	S2-338601418
S1-54062913	S3-107369359
S1-651951213	S2-486375712
S1-530446846	S2-34927476
S1-73678479	S2-371180601
S1-263464398	S2-330089107
S1-81253115	S3-886030464
S1-28809645	S2-953063010
S1-973607027	S3-21086806
S1-848058465	S2-990200913
S1-949710984	S2-105635032
S1-586354503	S2-312327156
S1-940799314	S3-652166267
S1-603788745	S3-490195589
S1-754425928	S3-997230210
S1-337035781	S2-252596054
S1-48417043	S3-153704540
S1-36237574	S2-488891059
S1-198292463	S3-365477564
S1-544793515	S3-965007656
S1-836353116	S2-628089980
S1-82766337	S3-768041559
S1-55161753	S3-988477722
S1-650487952	S2-669547913
S1-202303974	S3-572748772
S1-151868592	S2-219860845
S1-890805651	S2-232869727
S1-145991779	S3-985768567
S1-303272738	S3-667031539
S1-66096127	S3-375065593
S1-15439061	S2-157039240
S1-641056756	S3-693819725
S1-956526611	S2-245684239
S1-493064466	S3-668616951
S1-992763166	S3-769914456
S1-287425128	S3-645708822
S1-864433607	S3-470354783
S1-873162265	S3-538061211
S1-206333998	S2-900004744
S1-988192774	S3-994556351
S1-818446122	S3-636112650
S1-616981134	S2-451704022
S1-57698661	S2-85271957
S1-85634800	S3-871096356
S1-617714058	S3-827114585
S1-394169841	S2-926389950
S1-80229656	S3-667625952
S1-390091029	S2-845306627
S1-841510121	S3-81732366
S1-593069714	S3-166205338
S1-792539432	S3-516333225
S1-774736483	S3-718922638
S1-812721911	S2-94215981
S1-628814146	S3-49748398
S1-406954031	S3-41936139
S1-329128391	S3-346256560
S1-496582135	S2-602841330
S1-736710607	S2-985859937
S1-632827236	S2-616296670
S1-928589187	S3-731284456
S1-904499448	S2-146314338
S1-301716166	S2-920310353
S1-774557275	S2-702564799
S1-255183272	S2-788793797
S1-678008934	S2-129057312
S1-612717687	S2-484207361
S1-199175539	S3-390518971
S1-725368580	S3-517292161
S1-90393659	S3-736443797
S1-697861610	S3-224385659
S1-380911018	S2-328428660
S1-754444665	S2-268182152
S1-673013686	S3-510473430
S1-522514551	S3-365139961
S1-779902536	S3-900172371
S1-71036863	S2-933297735
S1-995064963	S3-293506922
S1-873165611	S3-347268716
S1-941862103	S3-112775824
S1-957940922	S3-597182331
S1-824661856	S2-722113451
S1-411154780	S2-472262038
S1-152849443	S3-867622380
S1-594166369	S2-219688322
S1-766897476	S2-812590748
S1-637923179	S3-216331516
S1-453836097	S2-989423286
S1-242830693	S2-387260477
S1-976214182	S3-53949414
S1-921018711	S2-94024485
S1-657669942	S3-229274397
S1-880017626	S3-619604055
S1-221475597	S3-175042380
S1-459211506	S2-643244981
S1-272881931	S2-198790953
S1-11077351	S3-3292518
S1-173813398	S2-180724345
S1-33259030	S2-83839615
S1-57943899	S2-394581170
S1-779251940	S2-737436236
S1-15946763	S3-698192965
S1-68820250	S3-561844065
S1-386642757	S2-399026700
S1-528196887	S3-140936981
S1-821692579	S3-984609924
S1-246704116	S2-819968656
S1-724966748	S3-11556514
S1-553743916	S2-724636551
S1-465589220	S2-269869815
S1-613602819	S2-478011527
S1-337222009	S3-711773803
S1-890318975	S2-418990274
S1-957912395	S2-822426115
S1-463718729	S3-525074699
S1-158804955	S3-122394087
S1-802579284	S3-152800915
S1-13238125	S2-539221635
S1-335620460	S3-634627701
S1-767980500	S2-578305766
S1-837134709	S2-516221442
S1-653942896	S3-66245247
S1-326625421	S3-742885315
S1-477539624	S2-353846956
S1-89934550	S3-473289657
S1-859420458	S2-359259024
S1-711990873	S2-852658986
S1-558227548	S3-393029845
S1-83277049	S2-409461198
S1-630014645	S2-365199865
S1-184258657	S3-29688782
S1-262215566	S3-418389198
S1-391530137	S2-251982948
S1-241515462	S3-730671242
S1-525822092	S2-360304403
S1-798594271	S2-399144216
S1-989211996	S2-336319309
S1-861128212	S3-213648562
S1-857528540	S2-923309041
S1-20951790	S3-432790654
S1-764015957	S3-212132085
S1-41340284	S2-452470287
S1-980622848	S3-191016755
S1-116645614	S2-423692781
S1-613265315	S3-863444850
S1-614616975	S3-876867858
S1-723667675	S3-700199065
S1-264824651	S3-403114505
S1-477616209	S3-258291032
S1-95911689	S2-939313692
S1-219365060	S3-462275163
S1-11935088	S2-197263264
S1-275324118	S3-987591996
S1-17895315	S2-136463366
S1-417718806	S2-471255027
S1-180161511	S2-527668533
S1-804784133	S2-880453139
S1-374861411	S2-752024639
S1-840673397	S2-147458136
S1-236339402	S3-629850874
S1-847902414	S2-872976259
S1-340875477	S3-349640437
S1-75858283	S2-576064683
S1-167357344	S2-70058397
S1-942823365	S3-374042069
S1-788993912	S2-337462533
S1-786357108	S2-497493632
S1-436360490	S2-486997592
S1-387773152	S3-259727447
S1-974591105	S3-134609516
S1-86291035	S3-693613967
S1-57692536	S2-615279280
S1-67758911	S2-571268281
S1-453880026	S2-270847717
S1-627174053	S3-55892067
S1-703356820	S2-948648261
S1-754889931	S3-830944637
S1-287926636	S2-898107757
S1-919197610	S2-887245369
S1-554831065	S2-320270012
S1-486980934	S2-547057075
S1-825638143	S3-428628668
S1-149074206	S2-552361082
S1-658812088	S3-939178799
S1-411986147	S3-527829161
S1-584703951	S3-340388180
S1-314127627	S2-447920185
S1-323951745	S3-30204959
S1-388510574	S2-476323278
S1-944025183	S2-992687370
S1-605494434	S2-847039710
S1-131941232	S2-557083106
S1-6920668	S2-120332648
S1-914860846	S2-305640173
S1-608428156	S2-365509544
S1-129739780	S2-842814598
S1-423895023	S3-182089432
S1-966872416	S2-914020391
S1-739231546	S3-375045635
S1-213948563	S2-850741800
S1-483858661	S3-632843508
S1-349958362	S2-157365920
S1-170959569	S2-149998589
S1-515934522	S3-571731962
S1-102747514	S3-865909887
S1-529270932	S2-359564505
S1-743027357	S2-665203403
S1-763576383	S2-901845463
S1-990904011	S3-235758652
S1-194396428	S2-222190301
S1-322989520	S3-628517295
S1-600651741	S3-287621629
S1-962795339	S3-601993803
S1-801350067	S3-342471550
S1-105173097	S3-684147737
S1-176715338	S3-714180111
S1-827503376	S3-244892529
S1-902350329	S3-760130173
S1-948701896	S2-115409018
S1-351142623	S3-538488473
S1-498281062	S2-791633789
S1-682214533	S3-972511720
S1-818652535	S2-854856765
S1-571246608	S3-543396753
S1-395779876	S3-19525450
S1-174723322	S2-280054982
S1-890697805	S2-213374493
S1-460039762	S3-162792472
S1-59709409	S2-424798132
S1-348221079	S2-687479504
S1-118392204	S3-672376105
S1-961775486	S3-239438760
S1-405305546	S3-324486069
S1-701832975	S3-375142331
S1-911403927	S3-203932609
S1-189000205	S3-149675967
S1-196163570	S3-666359324
S1-766963790	S2-509023099
S1-811345463	S3-313610235
S1-522409033	S3-162185719
S1-37751519	S2-508426799
S1-654044093	S3-169947521
S1-261136057	S2-87394642
S1-752691961	S2-387397547
S1-497032710	S3-30353867
S1-839460432	S2-939753037
S1-506449670	S3-771463323
S1-435563347	S2-475331540
S1-534128148	S2-327016166
S1-966149134	S3-87932841
S1-45177162	S3-495342419
S1-877869158	S3-484469143
S1-205763496	S2-789469971
S1-412168707	S2-275316513
S1-270796538	S2-412226097
S1-392158755	S3-877539736
S1-804763501	S3-25613127
S1-434123555	S3-607918956
S1-780578261	S2-55206803
S1-572883891	S2-200584256
S1-949328536	S2-528071784
S1-67325647	S2-263017968
S1-563706812	S2-637772799
S1-871457139	S2-786812346
S1-593123482	S3-667678899
S1-324320772	S2-545994039
S1-768312724	S2-393971712
S1-219547445	S2-753422643
S1-278288146	S2-495701779
S1-493852609	S2-661435423
S1-753161079	S3-963470025
S1-457707617	S3-378865275
S1-270962933	S2-557031545
S1-631329744	S2-140525736
S1-472881725	S3-274318244
S1-585850140	S3-899774511
S1-669789516	S3-615951247
S1-432799895	S2-92911329
S1-728921821	S3-283973258
S1-660726801	S2-237633556
S1-97788466	S2-352510648
S1-820964752	S2-482233405
S1-74642719	S3-812684749
S1-387140011	S3-851054888
S1-890067516	S2-336940188
S1-637945509	S2-100715900
S1-740030347	S3-157449512
S1-833287806	S2-371332624
S1-306255071	S2-554052058
S1-552930521	S2-614891266
S1-536213137	S3-275953075
S1-874111133	S3-431734361
S1-859787707	S2-529281847
S1-785718583	S3-762784948
S1-408910165	S3-66539242
S1-915147977	S2-757646024
S1-612972978	S3-556644902
S1-230745506	S2-235645467
S1-608190549	S3-148343636
S1-138786477	S2-907772748
S1-229342220	S3-912837813
S1-62721529	S3-897733536
S1-53874182	S3-761396278
S1-76728856	S2-544350762
S1-403330862	S3-41294756
S1-873948833	S3-103905768
S1-32425517	S3-992963464
S1-343836434	S2-958405502
S1-569740266	S3-870155657
S1-616038949	S3-146386076
S1-650206978	S3-332038251
S1-301220633	S3-147777550
S1-360367741	S2-465733908
S1-370904490	S3-288007439
S1-219760096	S3-805917236
S1-782658302	S3-757037985
S1-822560790	S3-614047989
S1-761430900	S2-732212853
S1-218696101	S2-1216206
S1-561767060	S2-925152873
S1-651104781	S3-718519015
S1-183298844	S3-260985869
S1-22839331	S3-382583356
S1-270606478	S2-281925472
S1-121447448	S3-314000610
S1-354524032	S2-437530855
S1-705855467	S2-835680311
S1-375668632	S3-265042400
S1-19612324	S3-275404967
S1-860839943	S3-136857036
S1-209583511	S2-167209854
S1-481624684	S3-87160420
S1-46339630	S2-624178837
S1-118941892	S2-767300408
S1-146406483	S2-318014767
S1-753920359	S3-135535014
S1-658506608	S2-105957036
S1-158484918	S3-482886713
S1-933615829	S3-439041763
S1-290700735	S3-968006431
S1-896781258	S2-704276210
S1-404526281	S3-78840101
S1-440383321	S3-296714177
S1-960307707	S2-417454541
S1-496738366	S3-406274070
S1-283711809	S2-484961941
S1-329392616	S2-618208372
S1-248187301	S2-211753246
S1-63825782	S3-748599958
S1-470893073	S3-996839398
S1-497414103	S2-192062841
S1-882726847	S3-207137106
S1-734759739	S3-582759699
S1-890544069	S3-391530696
S1-121922871	S2-541132239
S1-429694900	S3-102707231
S1-115749372	S3-514117060
S1-429166699	S2-69684128
S1-200158689	S3-7598443
S1-251326117	S2-108008156
S1-508235468	S3-836776605
S1-585093537	S2-568023139
S1-895544040	S2-806381144
S1-432251292	S3-844865792
S1-932278987	S2-69326098
S1-565156646	S3-201060180
S1-187483546	S2-48585795
S1-86930295	S3-520197579
S1-896680811	S2-100063224
S1-282265022	S2-523393664
S1-838271112	S2-307644754
S1-353466286	S2-32597301
S1-928065296	S3-613739957
S1-400807508	S3-64019462
S1-993914820	S2-468281721
S1-546476502	S2-555665311
S1-728123916	S3-309917280
S1-798364418	S3-18251274
S1-511643562	S2-180050580
S1-865918946	S2-584128206
S1-739477225	S2-406682920
S1-543288104	S2-410664508
S1-2940456	S2-461989033
S1-635380755	S2-495634804
S1-107293990	S3-402233404
S1-648647435	S3-224903157
S1-876021230	S3-118610854
S1-213626630	S3-89064752
S1-700114869	S3-980582033
S1-487056104	S2-883680776
S1-832227178	S2-500005315
S1-239754626	S2-542450730
S1-467135016	S2-569570321
S1-790505412	S2-804173561
S1-515088699	S2-296341608
S1-564524243	S2-921775990
S1-329467299	S2-585323694
S1-971830477	S3-567389011
S1-250618617	S3-684413585
S1-872420071	S3-42952566
S1-68930897	S3-570473531
S1-2194592	S3-984879477
S1-962552009	S2-258273491
S1-784866687	S2-363456352
S1-102468788	S2-651732907
S1-301083648	S2-824320670
S1-257353018	S2-127229688
S1-995230938	S2-626934714
S1-237058718	S3-463660716
S1-611746734	S2-714732009
S1-598198845	S2-250817090
S1-131280358	S2-924765574
S1-487360932	S2-951571130
S1-385496833	S2-117714702
S1-551581248	S2-231986211
S1-481203415	S2-882712577
S1-52642834	S2-472701504
S1-763202357	S2-660773911
S1-947349783	S2-840147141
S1-611922943	S2-771167631
S1-826322620	S3-724765679
S1-837953346	S3-543403993
S1-978799108	S2-458187436
S1-687613840	S3-6144658
S1-808547167	S3-752476994
S1-461141939	S3-888574587
S1-773247229	S3-321051947
S1-671490454	S2-184798413
S1-528175662	S2-108862836
S1-702352951	S3-299939661
S1-450939044	S3-868688787
S1-329849755	S3-798155821
S1-830001736	S2-402658697
S1-920051196	S2-716274329
S1-542852833	S2-562830627
S1-711757075	S3-937345540
S1-635245233	S3-904270123
S1-509833617	S3-175073760
S1-995253413	S3-892135520
S1-522386992	S2-81732840
S1-555543337	S2-150821347
S1-129160457	S3-108360026
S1-250627141	S2-993723646
S1-900303408	S3-379282293
S1-27520423	S2-81278730
S1-72122014	S2-19211438
S1-270828357	S3-190304625
S1-534080962	S3-897530248
S1-131544006	S2-30524712
S1-136878514	S2-758797722
S1-297466647	S3-175166026
S1-36469561	S3-31360552
S1-152640354	S3-747592807
S1-942822345	S2-881638858
S1-434174578	S2-907253262
S1-897015027	S2-633098821
S1-470409310	S2-544523639
S1-450750378	S3-86467599
S1-684700716	S3-334091670
S1-305638621	S3-855051075
S1-656114911	S3-853733085
S1-710744999	S2-399599258
S1-210583419	S3-942986942
S1-34741139	S2-322707527
S1-538198611	S2-53917304
S1-82691493	S3-316337016
S1-640547153	S3-194861469
S1-106103797	S2-949398803
S1-173439310	S2-800413015
S1-73552880	S2-27745494
S1-191448834	S2-122728528
S1-295575401	S3-312361908
S1-934322317	S2-861902674
S1-690588376	S3-695793992
S1-998388811	S2-203502984
S1-623215926	S3-837700057
S1-134270701	S3-172824253
S1-247667939	S3-10242915
S1-228434391	S3-807685986
S1-137475273	S2-166343034
S1-919363175	S2-217401342
S1-133242358	S2-758422546
S1-19706005	S2-406147653
S1-249176888	S2-506932510
S1-482020130	S2-429110877
S1-802515667	S3-748619727
S1-56988080	S2-413407069
S1-693198522	S2-148176548
S1-553451378	S2-149087877
S1-592029563	S3-644191719
S1-526694348	S2-89998470
S1-812319958	S2-29075774
S1-342667349	S2-942251689
S1-956751983	S3-194267152
S1-466185671	S3-508287127
S1-697318388	S2-95476096
S1-925840440	S2-792405214
S1-304197385	S3-396053100
S1-221984635	S3-454178903
S1-737040562	S2-31026538
S1-176173820	S2-906015568
S1-899054877	S3-236579634
S1-660338704	S3-470095485
S1-389702472	S2-139762489
S1-859985547	S3-362096695
S1-534461696	S3-786266045
S1-232688892	S2-601659750
S1-383875974	S3-1777724
S1-933171698	S3-298718905
S1-845842892	S3-203066111
S1-751410020	S3-370848251
S1-334023016	S2-669775398
S1-424004065	S3-234544573
S1-567439999	S3-938978061
S1-370641743	S3-979790961
S1-526386643	S3-394720513
S1-608507933	S3-652090617
S1-436629006	S3-938813251
S1-961162909	S2-627663132
S1-868411558	S3-500472121
S1-200407495	S3-659705268
S1-23524815	S3-637599717
S1-982350986	S3-652259450
S1-659916896	S2-640589513
S1-337163339	S3-397705132
S1-863852687	S2-1507624
S1-305293063	S2-165252884
S1-416990139	S2-323657354
S1-405874642	S2-69477060
S1-281640651	S3-192012828
S1-644762445	S2-71746912
S1-377178819	S2-272213889
S1-476006717	S3-316248294
S1-547548709	S2-234082921
S1-46890104	S3-313207433
S1-15343340	S2-559904322
S1-293203319	S2-425930264
S1-912375002	S3-265112990
S1-779680058	S2-397967190
S1-189290421	S2-377457302
S1-987283624	S3-803795665
S1-327057536	S2-135982646
S1-114844949	S3-471651618
S1-712901830	S3-90255835
S1-653008495	S3-181460061
S1-620792470	S2-367711164
S1-355047984	S3-955702325
S1-59312335	S2-285510922
S1-617829991	S2-829548955
S1-507181482	S3-419501624
S1-880611623	S2-742471462
S1-732334369	S2-656607132
S1-139143614	S2-19527164
S1-239442863	S3-31723766
S1-740858690	S3-957428247
S1-297272595	S3-256081734
S1-956228046	S2-586462262
S1-788976854	S2-967021742
S1-898995144	S2-605209447
S1-158054559	S3-331486491
S1-273640441	S2-611168012
S1-762282736	S2-607962760
S1-765883430	S3-352049884
S1-681648431	S3-567219726
S1-255475175	S2-746822932
S1-949908785	S3-215009381
S1-599480972	S2-109810618
S1-801506130	S3-401654704
S1-786431180	S2-233072345
S1-79052431	S3-852856092
S1-901873859	S3-174057817
S1-447734000	S2-835121278
S1-283062993	S3-139605856
S1-165539783	S3-143884667
S1-567910109	S2-649595549
S1-984412338	S3-670868162
S1-728071798	S2-423698773
S1-573456566	S3-691754716
S1-734740940	S2-659412103
S1-995973320	S3-684706178
S1-447392112	S3-849204356
S1-663649059	S2-162035351
S1-132729274	S2-600573993
S1-197255337	S3-652744412
S1-610822732	S2-593810576
S1-227226505	S3-311412976
S1-318445582	S2-485355578
S1-341664641	S2-376325494
S1-836501064	S2-620663497
S1-543275134	S2-627473585
S1-257248664	S3-19040473
S1-970007972	S2-488899663
S1-547521773	S3-109066916
S1-185319771	S2-868484428
S1-986423088	S3-726256212
S1-648072956	S2-388134791
S1-277259151	S3-672328204
S1-881861783	S3-201559559
S1-697297712	S3-247280464
S1-90264661	S2-847965415
S1-165016661	S2-239414080
S1-19813226	S3-717581394
S1-763224801	S2-237920401
S1-921968073	S3-867080329
S1-946647945	S3-766159660
S1-456939745	S2-810744442
S1-611901281	S3-2645976
S1-337774759	S2-865110717
S1-61727707	S3-501405239
S1-668639303	S2-511734642
S1-436534000	S2-857982174
S1-411549222	S2-762235483
S1-825190683	S3-851816765
S1-567935394	S2-617556607
S1-875952916	S2-331774286
S1-838719419	S2-234281170
S1-131639708	S2-584624031
S1-237482376	S2-204786811
S1-315940593	S3-88366132
S1-534401733	S3-436476614
S1-672082095	S3-919623863
S1-684928316	S2-750965621
S1-283232070	S2-755713864
S1-173792286	S2-284954927
S1-84723086	S3-356138475
S1-421595793	S3-640338884
S1-507085561	S2-665852354
S1-276695836	S2-943392412
S1-598322918	S3-884597415
S1-245033337	S3-375793333
S1-116463436	S3-977355468
S1-631637878	S2-475456067
S1-332626528	S2-629903474
S1-114398858	S3-263099999
S1-194999264	S3-93428677
S1-856190852	S2-415808377
S1-790709725	S3-984480021
S1-382119515	S3-22263995
S1-975433839	S3-560967724
S1-677357831	S2-92806981
S1-769376437	S2-646975705
S1-794921995	S2-621444326
S1-46782836	S2-551413218
S1-958763052	S3-435121890
S1-186057940	S2-913465472
S1-96132203	S3-431550057
S1-580082016	S2-468665647
S1-683187827	S2-532724395
S1-141450500	S2-737317808
S1-3129675	S3-857213291
S1-940653477	S2-594508708
S1-8866918	S3-831440066
S1-700033152	S2-207984607
S1-150404657	S3-81619747
S1-542914794	S2-482619838
S1-70279076	S3-210695623
S1-803009075	S3-204279977
S1-97875857	S3-498707877
S1-278271239	S3-400543698
S1-147165375	S2-20617632
S1-781756464	S2-484843024
S1-333905650	S3-74437214
S1-284638378	S3-428094279
S1-18508945	S2-654646281
S1-503889598	S3-434734028
S1-830583164	S2-386611820
S1-789474628	S2-728828366
S1-557481947	S3-357189009
S1-781762474	S2-649190081
S1-745583121	S2-192943105
S1-508255237	S2-279358076
S1-586553119	S3-33600669
S1-215355845	S3-693237289
S1-674606697	S3-113293850
S1-724233348	S3-622287867
S1-226071667	S3-402957697
S1-369686962	S2-550370362
S1-556699120	S2-739147658
S1-42779802	S2-532076469
S1-674216312	S2-421647107
S1-6079841	S3-181030091
S1-952760069	S2-471211410
S1-873058382	S3-825151651
S1-973583761	S2-345775097
S1-117195896	S3-450913063
S1-546139722	S2-25064714
S1-438584178	S3-259821164
S1-348380357	S3-721990889
S1-197531414	S2-8406226
S1-86639282	S3-414188817
S1-892642090	S3-818440695
S1-364553935	S3-365688760
S1-111554006	S3-205641467
S1-45163941	S2-236821128
S1-414476489	S2-679523054
S1-795503770	S3-140572165
S1-817682649	S2-968756940
S1-798494173	S3-921570053
S1-181143393	S2-359359506
S1-822047284	S3-129616358
S1-623304024	S2-919874450
S1-254298054	S3-835442387
S1-43849751	S2-573571775
S1-342009217	S3-450507217
S1-222609855	S3-396177265
S1-27837241	S2-312166126
S1-634562451	S2-388426
S1-390155583	S3-775886700
S1-908599468	S3-729293644
S1-593851410	S2-780500791
S1-792724580	S2-284321722
S1-40249422	S3-197854757
S1-28070998	S3-216662073
S1-492849863	S2-616999281
S1-13314373	S3-838563414
S1-5644201	S3-518468954
S1-739131147	S3-516627130
S1-553904313	S2-895857658
S1-261630484	S3-339304838
S1-960421250	S2-892003768
S1-625981935	S2-706273991
S1-53128334	S3-313692677
S1-132267050	S3-943468907
S1-499793454	S3-917590456
S1-935472320	S2-942928774
S1-813984646	S2-251948832
S1-576459030	S2-523044140
S1-824481662	S2-403924170
S1-127479747	S2-177056786
S1-75048776	S2-414183495
S1-232191277	S2-57495016
S1-512697203	S2-951281934
S1-317169956	S2-196347766
S1-778010074	S2-954959247
S1-167115883	S3-497075493
S1-734200797	S2-355641312
S1-666350802	S2-656179980
S1-943339680	S3-934936904
S1-283350465	S3-309752529
S1-926126243	S3-226839366
S1-270366982	S2-316978948
S1-835229752	S2-200419932
S1-918808374	S3-95062673
S1-745119984	S3-401888265
S1-116383298	S3-661372587
S1-104064742	S2-340452574
S1-719285665	S2-346136542
S1-670818527	S2-235971167
S1-990151636	S3-919978299
S1-946707341	S3-670028729
S1-841509314	S3-205942202
S1-449961092	S2-736486062
S1-138335676	S2-106379360
S1-887229399	S2-377420139
S1-99794798	S2-587194563
S1-924326084	S2-10087375
S1-259942147	S2-728741111
S1-485503914	S3-911961706
S1-276842724	S2-399125885
S1-619175127	S2-666940230
S1-580488378	S3-780640920
S1-419584995	S3-876611350
S1-136428706	S3-776938832
S1-216415975	S3-331223501
S1-429552684	S2-370737919
S1-105741082	S2-924874929
S1-506983140	S3-590865708
S1-805840022	S2-48553909
S1-173236061	S2-902454232
S1-122762576	S3-592229651
S1-399738666	S3-856620514
S1-609420589	S2-522436053
S1-503624901	S2-482415466
S1-87548323	S2-619307986
S1-489771461	S2-148965461
S1-649474092	S3-339981307
S1-330769118	S3-388570555
S1-771329599	S2-810889807
S1-369196004	S3-377693483
S1-86761757	S3-548729061
S1-975612806	S2-180451697
S1-741559650	S2-56527954
S1-365980031	S2-864644975
S1-319514313	S2-952783001
S1-742587331	S3-281131626
S1-906373874	S2-26994126
S1-230502249	S2-435058371
S1-818088240	S3-663967097
S1-254485035	S2-806725006
S1-208267326	S2-524404422
S1-487506618	S3-46100375
S1-794072771	S3-84557643
S1-948157046	S3-900311829
S1-971865252	S2-86991244
S1-203259692	S3-694654632
S1-991523686	S3-604784496
S1-413536862	S3-896357593
S1-398460355	S2-803571454
S1-826421162	S2-909101801
S1-29019107	S2-906827089
S1-658114167	S2-146777132
S1-155661173	S3-91395733
S1-679288928	S3-729253819
S1-850983101	S2-881446131
S1-610688855	S2-43481515
S1-408728083	S2-159996574
S1-550759060	S3-875552599
S1-39627780	S3-381665140
S1-385751098	S2-455184899
S1-626220124	S3-133103079
S1-223487189	S3-493904217
S1-644404157	S3-523778684
S1-656326175	S3-439704262
S1-348554251	S3-149837094
